{"cameraMode":{"drawMode":0,"name":"Shaded","section":"Shading Mode"},"sceneLighting":false,"audioPlay":false,"sceneViewState":{"showFog":true,"showMaterialUpdate":false,"showSkybox":false,"showFlares":true,"showImageEffects":true,"showParticleSystems":true},"in2DMode":false,"pivot":{"x":-1.0246663093566895,"y":0.10180854797363281,"z":-1.775154948234558},"rotation":{"x":0.45092731714248659,"y":0.42932695150375368,"z":-0.26263317465782168,"w":0.73713618516922},"size":6.411421298980713,"orthographic":false}