{"cameraMode":{"drawMode":0,"name":"Shaded","section":"Shading Mode"},"sceneLighting":true,"audioPlay":false,"sceneViewState":{"showFog":true,"showMaterialUpdate":false,"showSkybox":true,"showFlares":true,"showImageEffects":true,"showParticleSystems":true},"in2DMode":false,"pivot":{"x":4.736371994018555,"y":-11.713741302490235,"z":5.061090469360352},"rotation":{"x":0.3728873133659363,"y":0.49646884202957156,"z":-0.2490750253200531,"w":0.7432616949081421},"size":43.00668716430664,"orthographic":false}