{"cameraMode":{"drawMode":0,"name":"Shaded","section":"Shading Mode"},"sceneLighting":false,"audioPlay":false,"sceneViewState":{"showFog":true,"showMaterialUpdate":false,"showSkybox":false,"showFlares":true,"showImageEffects":true,"showParticleSystems":true},"in2DMode":false,"pivot":{"x":-5.699999809265137,"y":0.0,"z":-1.1920928955078126e-7},"rotation":{"x":0.6459024548530579,"y":0.030892066657543184,"z":-0.02617334946990013,"w":0.7623472213745117},"size":-4.342105865478516,"orthographic":false}