{"cameraMode":{"drawMode":0,"name":"Shaded","section":"Shading Mode"},"sceneLighting":true,"audioPlay":false,"sceneViewState":{"showFog":true,"showMaterialUpdate":false,"showSkybox":true,"showFlares":true,"showImageEffects":true,"showParticleSystems":true},"in2DMode":false,"pivot":{"x":7.748752117156982,"y":-5.903615951538086,"z":-6.392360210418701},"rotation":{"x":0.7085840106010437,"y":0.003175287274643779,"z":-0.003188631497323513,"w":0.7056113481521606},"size":63.363765716552737,"orthographic":false}